post,day,time,content_type,views,likes,comments,description,hashtags,alt_information
https://www.instagram.com/p/CqvQOaWodq9/,2023-04-07,14:30:10.000,image,0,2,0,"Attending RSACâ„¢ 2023 April 24th - 27th?\n\nPop by Booth ğ—¡-ğŸ±ğŸ®ğŸ¬ğŸ¬ ğ—®ğ˜ ğ˜ğ—µğ—² ğ—¡ğ—¼ğ—¿ğ˜ğ—µ ğ—˜ğ˜…ğ—½ğ—¼ and catch up with Quantropi Inc. CTO Michael Redding. Bring your questions on the Y2Q Quantum Threat, recent advancements in quantum technology and what it means to todayâ€™s encryption, the benefits of BYOK, or anything else cyber-related!\n\nRegister NOW with 52EQUANTRXP for a FREE Expo pass!\n\nSchedule a meeting with Mike today!\nLearn more: http://bit.ly/3GloXBb\n\n#RSAC2023 #BringItOn #Quantropi #Y2Q #technology #cryptography #quantumcryptography #Cybersecurity #QuantumSecurityBoard","['#RSAC2023', '#BringItOn', '#Quantropi', '#Y2Q', '#technology', '#cryptography', '#quantumcryptography', '#Cybersecurity', '#QuantumSecurityBoard']","Photo by Quantropi on April 07, 2023."
https://www.instagram.com/p/Cqsz6tOoazO/,2023-04-06,15:44:20.000,image,0,7,0,"QiSpaceâ„¢ is the worldâ€™s first hybrid SaaS cryptography platform providing TrUE quantum-secure cryptographic functions and quantum entropy services â€“ for product manufacturers, the IoT &amp; embedded space, governments, and enterprises.\n\nQiSpaceâ„¢ protects data and communications from quantum and AI attacks.\nAttending RSA Conference? Come visit booth N-5200 to see QiSpaceâ„¢ â€“ LIVE â€“ powering use cases for IoT and Enterprise Security including the worldâ€™s first Quantum-Secure Boot Loader.\n\nAlso, get your hands on some epic swag â€“ notebooks, beanies, hoodies, and Quantropiâ€™s Series 2 Icons of Cryptography collectibles.\n\nRegister NOW with 52EQUANTRXP for a FREE Expo pass!\n\nSchedule a meeting with Quantropi today!\nLearn more: http://bit.ly/3GloXBb\n\n#RSAC2023 #BringItOn #Quantropi #Y2Q #technology #cryptography #quantumcryptography #Cybersecurity #QuantumSecurityBoard","['#RSAC2023', '#BringItOn', '#Quantropi', '#Y2Q', '#technology', '#cryptography', '#quantumcryptography', '#Cybersecurity', '#QuantumSecurityBoard']","Photo by Quantropi on April 06, 2023."
https://www.instagram.com/p/CqqGonlMEq1/,2023-04-05,14:30:09.000,image,0,11,0,"Weâ€™re exhibiting at RSACâ„¢ 2023!\n\nMeet up with Quantropi Inc. Co-founder and CEO James Nguyen at RSA Conferenceâ„¢, San Francisco. ğ—”ğ—½ğ—¿ğ—¶ğ—¹ ğŸ®ğŸ°ğ˜ğ—µ ğ˜ğ—¼ ğŸ®ğŸ³ğ˜ğ—µ, Booth â€“ ğ—¡-ğŸ±ğŸ®ğŸ¬ğŸ¬ ğ—®ğ˜ ğ˜ğ—µğ—² ğ—¡ğ—¼ğ—¿ğ˜ğ—µ ğ—˜ğ˜…ğ—½ğ—¼!\n\nVisit our booth and watch our TrUE Quantum-Secure Cryptography platform QiSpaceâ„¢ â€“ LIVE â€“ powering use cases for IoT and Enterprise Security including the worldâ€™s first Quantum-Secure Boot Loader.\n\nAlso, get your hands on some epic swag â€“ notebooks, beanies, hoodies, and Quantropiâ€™s Series 2 Icons of Cryptography collectibles.\n\nRegister NOW with 52EQUANTRXP for a FREE Expo pass!\n\nSchedule a meeting with James today!\nLearn more: http://bit.ly/40Z5z4x\n\n#RSAC2023 #BringItOn #Quantropi #Y2Q #technology #cryptography #quantumcryptography #Cybersecurity #QuantumSecurityBoard","['#RSAC2023', '#BringItOn', '#Quantropi', '#Y2Q', '#technology', '#cryptography', '#quantumcryptography', '#Cybersecurity', '#QuantumSecurityBoard']","Photo by Quantropi on April 05, 2023."
https://www.instagram.com/p/CqYFx_iox43/,2023-03-29,14:36:23.000,image,0,4,0,"#Qi_Quotes By Quantropi Inc. \n\nThe European Union Agency for Network and Information Security (ENISA) has emphasized multiple benefits of Quantum Cryptography, including the authentication of identities and devices. \n\nProtect your data, devices, and systems NOW with Quantropi Inc.â€™s#QiSpaceâ„¢. \nLearn more: https://bit.ly/3NzfiJF \n\n#Quantropi#BringItOn#Y2Q#QuantumReadyBoard#informationsecurity#quantumcomputing#technology","['#Qi_Quotes', '#QiSpaceâ„¢.', '#Quantropi', '#BringItOn', '#Y2Q', '#QuantumReadyBoard', '#informationsecurity', '#quantumcomputing', '#technology']","Photo by Quantropi on March 29, 2023."
https://www.instagram.com/p/CqTTYjRAt1W/,2023-03-27,17:58:58.000,image,0,10,0,"#Recap\nWe were honoured to participate in the STEM Recruitment Night 2.0 x Ottawa Sports and Entertainment Group (OSEG) networking event, at the TD Place arena, Ottawa.\n\nQuantropi Inc. is proud to be represented by our enterprising female colleagues Lily Hawa and Maria Perepechaenko. What a great night for hockey and networking!\n\n#Quantropi#BringItOn #Y2Q #QuantumReadyBoard #informationsecurity #technology #cyptography #QuantumComputing #Cybersecurity #recruitment #networking #sportsbusiness","['#Recap', '#Quantropi', '#BringItOn', '#Y2Q', '#QuantumReadyBoard', '#informationsecurity', '#technology', '#cyptography', '#QuantumComputing', '#Cybersecurity', '#recruitment', '#networking', '#sportsbusiness']",
https://www.instagram.com/p/CqLiwY9gQYf/,2023-03-24,17:40:02.000,image,0,Error,Error,"RSAConferenceâ„¢ 2023 is almost five weeks away!\n\nVisit booth N-5200 at the North Expo to watch our TrUE Quantum-Secure Cryptography platform QiSpaceâ„¢ â€“ LIVE â€“ powering real-world use cases for Enterprise and IoT Security, including the worldâ€™s first Quantum-Secure Boot Loader. Plus, epic swag â€“ notebooks, toques, hoodies, and Quantropiâ€™s Series 2 Icons of Cryptography collectibles. See you soon!\n\nCheck out these highlights from last yearâ€™s eventâ€¦ and visit quantropi.com to signup for our Q-review Newsletter for all the news thatâ€™s fit to decrypt.\nhttps://lnkd.in/ea9sdViz\n\n#RSAC2023 #BringItOn #Quantropi #Y2Q #technology #cryptography #quantumcryptography #Cybersecurity #QuantumSecurityBoard","['#RSAC2023', '#BringItOn', '#Quantropi', '#Y2Q', '#technology', '#cryptography', '#quantumcryptography', '#Cybersecurity', '#QuantumSecurityBoard']",
https://www.instagram.com/p/Cp5OlHuAVBO/,2023-03-17,14:56:44.000,image,0,6,0,"Happy St. Patrick's Day!\n\nStay safe, stay secure, and may you have 'luck of the Irish' with you!\n\n#Quantropi #BringItOn #StPatricksDay #LuckOfTheIrish","['#Quantropi', '#BringItOn', '#StPatricksDay', '#LuckOfTheIrish']","Photo shared by Quantropi on March 17, 2023 tagging @eepmon, @colinosing, @hamo59, @jnfounder, and @quantropi."
https://www.instagram.com/p/Cpu8Rf7Ir31/,2023-03-13,15:04:26.000,image,0,3,0,"The Y2Q Quantum Threat to cryptography will significantly impact the IoT / embedded sector, where compute power is limited, memory space is scarce, and power consumption is of concern.\n\nCatch up with Quantropi Inc. CTO Michael Redding as he delivers an IoT security talk at Inside Quantum Technology- The Hague - on March 15th, 2023.\n\nRegister now: https://lnkd.in/esdv_hS5\n\n#BringItOn #Quantropi #Y2Q #technology #cryptography #quantumcryptography #Cybersecurity #QuantumSecurityBoard #IQT2023 #TheHague","['#BringItOn', '#Quantropi', '#Y2Q', '#technology', '#cryptography', '#quantumcryptography', '#Cybersecurity', '#QuantumSecurityBoard', '#IQT2023', '#TheHague']","Photo by Quantropi in The Hague with @eepmon, @colinosing, @jnfounder, and @quantropi."
https://www.instagram.com/p/Cpiv5YzA04y/,2023-03-08,21:25:20.000,image,0,16,1,"#Breaking \nCheck out the latest edition of Techopia â€“ Quantropi Inc. has been featured as a NEXT-GEN company!\n\nQueen St. Fare hosted a truly incredible night to toast the launch of the publication and to celebrate the success and growth of the industry. The event was attended by Quantropi Inc. CEO James Nguyen and VP Raj Narula\n\nMany thanks to Ottawa Business Journal, @eycanada_ and the sponsors of the magazine for this honour and for bringing together the brightest stars of the Ottawa tech community together for one fabulous night.\n\n#ottawabusinessjournal #Quantropi#BringItOn #Y2Q #QuantumReadyBoard #informationsecurity #quantumcomputing #technology #cyptography #QuantumComputing #Cybersecurity #ottawabusiness #EY","['#Breaking', '#ottawabusinessjournal', '#Quantropi', '#BringItOn', '#Y2Q', '#QuantumReadyBoard', '#informationsecurity', '#quantumcomputing', '#technology', '#cyptography', '#QuantumComputing', '#Cybersecurity', '#ottawabusiness', '#EY']",
https://www.instagram.com/p/CpihH8BNRK_/,2023-03-08,19:16:18.000,image,0,4,0,"Happy International Womenâ€™s Day! Today, we celebrate the incredible achievements of women throughout history. We are proud to highlight and honour ğ— ğ—®ğ—¿ğ˜† ğ—–ğ—®ğ—¿ğ˜ğ˜„ğ—¿ğ—¶ğ—´ğ—µğ˜ through this special digital portrait by Eric Chan.\n\nğ—ªğ—µğ—®ğ˜ ğ—¶ğ˜€ ğ˜€ğ—µğ—² ğ—¯ğ—²ğ˜€ğ˜ ğ—¸ğ—»ğ—¼ğ˜„ğ—» ğ—³ğ—¼ğ—¿?\nMary Cartwright was a British mathematician who was one of the pioneers in what would later be known as chaos theory â€“ a relatively new branch of mathematics that deals with surprises, the unpredictability of events and the nonlinearity of life.\n\nğ—ªğ—µğ—®ğ˜ ğ—±ğ—¶ğ—± ğ˜€ğ—µğ—² ğ˜„ğ—¶ğ—»?\nCartwright has won numerous awards including being the first woman recipient of the prestigious De Morgan Medal, the highest award of the London Mathematical Society.\n\nInterested in our limited edition â€œIcons of Cryptographyâ€ collectible series? Message us!\n\n#happyinternationalwomensday #Quantropi #BringItOn","['#happyinternationalwomensday', '#Quantropi', '#BringItOn']","Photo shared by Quantropi on March 08, 2023 tagging @eepmon, @colinosing, and @jnfounder."
https://www.instagram.com/p/CpdMc0ZIVQQ/,2023-03-06,17:39:28.000,image,0,3,0,"#Qi_Quotes By Quantropi Inc.\n\nWe're kicking things off this week with this insightful quote from the National Institute of Standards and Technology (NIST) on the potential of Quantum Cryptography to revolutionize the security of critical applications. \n\nProtect your data, networks, systems and devices NOW with Quantropi Inc.â€™s #QiSpaceâ„¢.#QiSpaceâ„¢.\nLearn more: https://bit.ly/3NzfiJF","['#Qi_Quotes', '#QiSpaceâ„¢.', '#QiSpaceâ„¢.']","Photo by Quantropi on March 06, 2023."
https://www.instagram.com/p/CpVL_P9ofcc/,2023-03-03,15:01:30.000,image,0,2,0,"Are you curious about the future of cryptography in a post-quantum world?\n\nDonâ€™t miss this cutting-edge IQT Hague 2023 panel with Quantropi CTO Michael Redding - â€œFuture Evolution of Post-Quantum Cryptographyâ€. March 13th, 2023\n\nRegister now: https://lnkd.in/esdv_hS5\n\n#BringItOn #Quantropi #Y2Q #technology #cryptography #quantumcryptography #Cybersecurity #QuantumSecurityBoard #IQT2023 #TheHague","['#BringItOn', '#Quantropi', '#Y2Q', '#technology', '#cryptography', '#quantumcryptography', '#Cybersecurity', '#QuantumSecurityBoard', '#IQT2023', '#TheHague']","Photo by Quantropi on March 03, 2023."
https://www.instagram.com/p/CpN1etboos6/,2023-02-28,18:30:08.000,image,0,4,0,"#QuantumBeach2023 #Reminder\nBe sure to catch Quantropi Inc. CEO James Nguyen on March 2nd and 3rd as he discusses the mission-critical importance and accelerating urgency of quantum cybersecurity, post-quantum cryptography, quantum key distribution, and more.\n\nPanel #5: â€œHow quickly do we need to move on quantum security and should we rely on PQC or on QKD?â€\n\nRegister now to attend Quantum Beach 2023!\nhttps://bit.ly/3xZIvGp\n\n#QuantumSecurity #PQC #QKD #Quantropi#BringItOn #Y2Q #technology #cryptography #quantumcryptography #Cybersecurity","['#QuantumBeach2023', '#Reminder', '#5:', '#QuantumSecurity', '#PQC', '#QKD', '#Quantropi', '#BringItOn', '#Y2Q', '#technology', '#cryptography', '#quantumcryptography', '#Cybersecurity']","Photo shared by Quantropi on February 28, 2023 tagging @eepmon, @colinosing, and @jnfounder."
https://www.instagram.com/p/CoxmeNsrB22/,2023-02-17,19:20:16.000,image,0,2,0,"#Breaking #RSAC2023\nWeâ€™re thrilled to announce that Quantropi Inc. will be exhibiting at the upcoming RSACâ„¢ 2023 at Moscone Center, San Francisco! Mark the dateâ€¦ ğ—”ğ—½ğ—¿ğ—¶ğ—¹ ğŸ®ğŸ°ğ˜ğ—µ ğ˜ğ—¼ ğŸ®ğŸ³ğ˜ğ—µ. Join us at our booth â€“ ğ—¡-ğŸ±ğŸ®ğŸ¬ğŸ¬ ğ—®ğ˜ ğ˜ğ—µğ—² ğ—¡ğ—¼ğ—¿ğ˜ğ—µ ğ—˜ğ˜…ğ—½ğ—¼!\n\nWatch our TrUE Quantum-Secure Cryptography platform QiSpaceâ„¢ LIVE, powering real-world use cases for Enterprise and IoT Security including the worldâ€™s first Quantum-Secure Boot Loader.\n\nAlso, get your hands on some epic swag â€“ notebooks, toques, hoodies, and Quantropiâ€™s Series 2 Icons of Cryptography collectibles. Register NOW with 52EQUANTRXP for a FREE Expo pass!\n\nDonâ€™t forget to schedule a live meeting with us if you are attending the event, learn more: http://bit.ly/3lJvq1f\n\n#RSAC2023 #BringItOn #Quantropi #Y2Q #technology #cryptography #quantumcryptography #Cybersecurity #QuantumSecurityBoard","['#Breaking', '#RSAC2023', '#RSAC2023', '#BringItOn', '#Quantropi', '#Y2Q', '#technology', '#cryptography', '#quantumcryptography', '#Cybersecurity', '#QuantumSecurityBoard']","Photo shared by Quantropi on February 17, 2023 tagging @eepmon, @colinosing, and @jnfounder."
https://www.instagram.com/p/Cop0S92gwEI/,2023-02-14,18:48:53.000,image,0,2,0,"#TQIWebisodesÂ #Part4\n\nIn this, the final part of our The Quantum Insider mini-series on the Y2Q Quantum Threat, Quantropi Inc. CTO Michael Redding walks the audience through QiSpaceâ„¢, a hybrid SaaS platform which provides TrUE quantum-secure cryptographic functions â€“ via three distinct product families: MASQâ„¢, QEEPâ„¢, and SEQURâ„¢. \n\nWatch the complete mini-series here: https://lnkd.in/gnwP6f67 \n\nQuantropi Inc.â€™s QiSpaceâ„¢ platform is the only fast, lightweight, and resource-efficient suite of cryptographic products and quantum entropy services that enable organizations to protect data, networks, systems and IoT devices, now and forever. \n\nLearn More: https://lnkd.in/g79xH39yÂ \nÂ \nMusic Rights: @waterbridge.creative \nVideo: @eepmon\n\nÂ \nFollow us at:Â \nLinkedIn: https://lnkd.in/g9vSUc83Â \nTwitter: https://lnkd.in/dESJxy2n \n\n#Quantropiâ€¯#BringItOnÂ #Y2QÂ #QuantumReadyBoardÂ #informationsecurityÂ #quantumcomputingÂ #technologyÂ #cybersecurity","['#TQIWebisodes\xa0', '#Part4', '#Quantropi\u202f', '#BringItOn\xa0', '#Y2Q\xa0', '#QuantumReadyBoard\xa0', '#informationsecurity\xa0', '#quantumcomputing\xa0', '#technology\xa0', '#cybersecurity']",
https://www.instagram.com/p/CocjTXFIyjF/,2023-02-09,15:08:31.000,image,0,10,0,"How quickly do we need to move on quantum security and should we rely on PQC or on QKD?\n\nQuantropi Inc. CEO James Nguyen will be taking the stage at Quantum Beach 2023 on March 2nd and 3rd to discuss this and other quantum security-related topics - Panel #5.\n\nDonâ€™t miss this opportunity, register now to attend and be a part of the quantum revolution! \nhttps://lnkd.in/ecuFRwZm\n\n#QuantumBeach2023 #QuantumSecurity #PQC #QKD #Quantropi#BringItOn #Y2Q #technology #cryptography #quantumcryptography #Cybersecurity","['#5.', '#QuantumBeach2023', '#QuantumSecurity', '#PQC', '#QKD', '#Quantropi', '#BringItOn', '#Y2Q', '#technology', '#cryptography', '#quantumcryptography', '#Cybersecurity']","Photo by Quantropi on February 09, 2023."
https://www.instagram.com/p/CoaJhz6J-04/,2023-02-08,16:46:58.000,image,0,6,0,"#TQIWebisodesÂ #Part3\n\nIn this, the third of our The Quantum Insider mini-series on the Y2Q Quantum Threat, Quantropi Inc. CTO Michael Redding outlines the building blocks of â€œTrUEâ€ Quantum Security and how organizations can transition to a permanent post-quantum security posture, starting today. \n\nWatch the complete mini-series here:Â https://lnkd.in/gnwP6f67 \n\nQuantropi Inc.â€™s QiSpaceâ„¢ platform is the only fast, lightweight, and resource-efficient suite of cryptographic products and quantum entropy services that enable organizations to protect data, networks, systems and IoT devices, now and forever. \n\nLearn More:Â https://lnkd.in/g79xH39yÂ \nÂ \nMusic Rights:Â @waterbridge.creative \nVideo:Â @eepmon\nÂ \n\nFollow us at:Â \nLinkedIn:Â https://lnkd.in/g9vSUc83Â \nTwitter:Â https://lnkd.in/dESJxy2n \n\n#Quantropiâ€¯#BringItOnÂ #Y2QÂ #QuantumReadyBoardÂ #informationsecurityÂ #quantumcomputingÂ #technologyÂ #cybersecurity","['#TQIWebisodes\xa0', '#Part3', '#Quantropi\u202f', '#BringItOn\xa0', '#Y2Q\xa0', '#QuantumReadyBoard\xa0', '#informationsecurity\xa0', '#quantumcomputing\xa0', '#technology\xa0', '#cybersecurity']",
https://www.instagram.com/p/CoV0GH7PIpw/,2023-02-07,00:23:24.000,image,0,4,0,"#TQIWebisodes #Part2\n\nIn this, the second of a 4-part mini-series of â€˜The Quantum Insider Webinar: Preparing Enterprises for Y2Q and the Quantum Threat to Cryptographyâ€™, Quantropi CTO Michael Redding, along with Brian Lenahan, Founder &amp; Chair, of Quantum Strategy Institute, predict and discuss how quantum attacks will manifest and the impact they will have. \n\nWatch the complete mini-series here:Â https://lnkd.in/gnwP6f67 \n\nQuantropi Inc.â€™s QiSpaceâ„¢ platform is the only fast, lightweight, and resource-efficient suite of cryptographic products and quantum entropy services that enable organizations to protect data, networks, systems and IoT devices, now and forever. \n\nLearn More:Â https://lnkd.in/g79xH39yÂ \nÂ \nMusic Rights:Â @waterbridge.creative\nVideo:Â @eepmon\nÂ \nFollow us at:Â \nLinkedIn:Â https://lnkd.in/g9vSUc83Â \nTwitter:Â https://lnkd.in/dESJxy2n \n\n#Quantropiâ€¯#BringItOnÂ #Y2QÂ #QuantumReadyBoardÂ #informationsecurityÂ #quantumcomputingÂ #technology #cybersecurity","['#TQIWebisodes', '#Part2', '#Quantropi\u202f', '#BringItOn\xa0', '#Y2Q\xa0', '#QuantumReadyBoard\xa0', '#informationsecurity\xa0', '#quantumcomputing\xa0', '#technology', '#cybersecurity']",
https://www.instagram.com/p/CoFgqWCNEk6/,2023-01-31,16:36:01.000,image,0,6,0,"#TQIWebisodes #Part1\n\nIn this, the first of a 4-part mini-series of â€˜The Quantum Insider Webinar: Preparing Enterprises for Y2Q and the Quantum Threat to Cryptographyâ€™, Quantropi Inc. CTO Michael Redding, is joined by Brian Lenahan, Founder &amp; Chair of Quantum Strategy Institute. \n\nMike details the three pre-requisite building blocks of a TrUE cryptographic system: Trust, Uncertainty, and Entropy.Â \nWatch the complete mini-series here: https://lnkd.in/gnwP6f67\n\nQuantropi Inc.â€™s QiSpaceâ„¢ platform is the only fast, lightweight, and resource-efficient suite of cryptographic products and quantum entropy services that enable organizations to protect data, networks, systems and IoT devices, now and forever. \n\nLearn More: https://lnkd.in/g79xH39y \n\nMusic Rights: @waterbridge.creative \nVideo: @eepmon\n\nFollow us at: \nLinkedIn: https://lnkd.in/g9vSUc83\nTwitter: https://lnkd.in/dESJxy2n","['#TQIWebisodes', '#Part1']",
https://www.instagram.com/p/Cnpr3f-uW76/,2023-01-20,21:02:01.000,image,0,12,1,The Quantum Entropy rabbit by @eepmon is here to wish everyone a prosperous and joyous Lunar New Year!\nLet's celebrate the arrival of the new year with our loved ones and make unforgettable memories. Happy Lunar New Year!\n\n#LunarNewYear #Prosperity #Happiness #Quantropi #BringItOn #QuantumEntropiRabbit,"['#LunarNewYear', '#Prosperity', '#Happiness', '#Quantropi', '#BringItOn', '#QuantumEntropiRabbit']","Photo shared by Quantropi on January 20, 2023 tagging @eepmon, @colinosing, and @jnfounder."
https://www.instagram.com/p/Cnh-pKupoCT/,2023-01-17,21:15:01.000,image,0,10,2,"#Breaking\nWeâ€™re honoured to be nominated in THREE categories for The 2023 Ottawa Awards!\n\n Start-Up of the Year -- https://facesmag.ca/awards/#/gallery/358208130\n Best Place to Work (Under 25 People) -- https://facesmag.ca/awards/#/gallery/358208215\nJames Nguyen for Entrepreneur of the Year -- https://facesmag.ca/awards/#/gallery/363180454\n\nIf you live in the Greater Capital Region or know Ottawa well, this is your chance to weigh in by casting your vote - now until February 18th. Good luck to all nominees!\n\nMusic: @waterbridge.creative\nVideo: @eepmon\n#Quantropi #BringItOn #TheOttawaAwards2023 #StartUpOfTheYear #BestPlaceToWork #JamesNguyen #EntrepreneurOfTheYear","['#Breaking', '#/gallery/358208130', '#/gallery/358208215', '#/gallery/363180454', '#Quantropi', '#BringItOn', '#TheOttawaAwards2023', '#StartUpOfTheYear', '#BestPlaceToWork', '#JamesNguyen', '#EntrepreneurOfTheYear']",
https://www.instagram.com/p/CnP2ezMvKAO/,2023-01-10,20:14:31.000,image,0,8,2,"Welcome to the Quantropi Inc. team Jay Toth! \n\nOur new Senior Vice President, Sales. Prior to joining Quantropi,â€¯Jayâ€¯was Chief Growth Officer at Kepro, responsible for the organizationâ€™s overall growth strategy in government markets. Before that,â€¯Jayâ€¯held a progression of sales leadership and general management roles during his 17 years at Microsoft.Â \n\n#Quantropiâ€¯â€¯#BringItOn #SVP #Sales #JayToth","['#Quantropi\u202f\u202f', '#BringItOn', '#SVP', '#Sales', '#JayToth']","Photo by Quantropi on January 10, 2023."
https://www.instagram.com/p/Cm9rXXmp8YH/,2023-01-03,18:51:29.000,image,0,4,0,"#BREAKINGÂ \nThe latest release of QiSpaceâ„¢ is now available.Â Â \nNow, even faster quantum entropy speeds and continued access to quantum-secure, crypto-agile asymmetric encryption for key encapsulation and digital signatures. \n\nGet access to TrUE quantum-secure cryptography today.Â Â \nSubmit your QiSpaceâ„¢ trial request to get started!Â \nhttps://bit.ly/3NzfiJF",['#BREAKING\xa0'],
https://www.instagram.com/p/CmvQ3HLqRpw/,2022-12-29,04:30:06.000,image,0,5,0,"2022 was the year of conferences and events for ï¿½Quantropi Inc.ï¿½\n\nFrom RSA in San Francisco to Quantum. Tech in London, the globetrotting team attended 15 conferences, forging strong partnerships, new alliances, and innovative companies transitioning to post-quantum security. \n\n#Conferences2022 #QuantumSecurity #Quantropi  #BringItOn #Y2Q #technology #cryptography #quantumcryptography #Cybersecurity #community","['#Conferences2022', '#QuantumSecurity', '#Quantropi', '#BringItOn', '#Y2Q', '#technology', '#cryptography', '#quantumcryptography', '#Cybersecurity', '#community']","Photo by Quantropi on December 28, 2022."
https://www.instagram.com/p/Cmjg_DktpRZ/,2022-12-24,15:00:06.000,image,0,16,0,A fun and festive Merry Christmas Eve from the Quantropi team! \n#Quantropi #BringItOn #MerryChristmas,"['#Quantropi', '#BringItOn', '#MerryChristmas']","Photo by Quantropi on December 24, 2022."
https://www.instagram.com/p/Cmg8MKCMb-3/,2022-12-23,15:00:06.000,image,0,6,0,"We just wanted to take a moment to wish all of our friends, colleagues, partners, and customers a safe and peaceful holiday season, and a Happy New Year. \n2022 was an exciting year here at Quantropi and we look forward to an even better 2023!\n\n#HappyHolidays #Quantropi #BringItOn","['#HappyHolidays', '#Quantropi', '#BringItOn']","Photo by Quantropi on December 23, 2022."
https://www.instagram.com/p/CmeT61npHv6/,2022-12-22,14:31:02.000,image,0,5,0,"#IQT_Webisode_7Â Â \nğ—£ğ—¤ğ—– ğ—§ğ—¶ğ—ºğ—²ğ—¹ğ—¶ğ—»ğ—²ğ˜€ ğ—®ğ—°ğ—¿ğ—¼ğ˜€ğ˜€ ğ—œğ—»ğ—±ğ˜‚ğ˜€ğ˜ğ—¿ğ—¶ğ—²ğ˜€\nIn this, the final episode in this 7-part mini-series on migrating to a complete TrUE cryptographic system, CTO Michael Redding deep dives into how the deployment of PQC will work across different industries.Â \nTry QiSpaceâ„¢ and receive quantum-secure, crypto-agile asymmetric encryption for key encapsulation and digital signatures. Submit your QiSpaceâ„¢ trial request today to get started: https://lnkd.in/gwAu63RpÂ \n\nCatch the panel insights at Inside Quantum Technology, New York Oct. 2022 - â€˜PQC Products: Who will use them and whenâ€™.Â \nWatch the complete mini-series here: http://bit.ly/3BecXimÂ \nÂ \n#quantumâ€¯#communityâ€¯#securityâ€¯#quantumtechnology #Y2Qâ€¯#QuantumThreat #BringItOnâ€¯#Quantropi #cybersecurity #MichaelRedding #IQT #NewYork","['#IQT_Webisode_7\xa0\xa0', '#quantum\u202f', '#community\u202f', '#security\u202f', '#quantumtechnology', '#Y2Q\u202f', '#QuantumThreat', '#BringItOn\u202f', '#Quantropi', '#cybersecurity', '#MichaelRedding', '#IQT', '#NewYork']",
https://www.instagram.com/p/CmcdJUHpfAP/,2022-12-21,21:16:42.000,image,0,7,0,"IQT_Webisode_6 \nğ—ªğ—µğ—®ğ˜ ğ˜€ğ—µğ—¼ğ˜‚ğ—¹ğ—± ğ—œ ğ—¤ğ˜‚ğ—®ğ—»ğ˜ğ˜‚ğ—º-ğ—¦ğ—²ğ—°ğ˜‚ğ—¿ğ—²? ğ—ªğ—µğ—²ğ—¿ğ—² ğ—±ğ—¼ ğ—œ ğ˜€ğ˜ğ—®ğ—¿ğ˜?\n\nIn this, the sixth of a 7-part mini-series on migrating to a complete TrUE cryptographic system, CTO Michael Redding deep dives into different industry use cases of how organizations and governments can leverage Quantropiâ€™s hybrid SaaS QiSpaceâ„¢ platform to quantum-secure networks, systems, products, and applications. \n\nTry QiSpaceâ„¢ and receive quantum-secure, crypto-agile asymmetric encryption for key encapsulation and digital signatures. \nSubmit your QiSpaceâ„¢ trial request today to get started: https://lp.quantropi.com/request-qispace \n\nCatch the panel insights at Inside Quantum Technology, New York Oct. 2022 - â€˜PQC Products: Who will use them and whenâ€™. \nWatch the complete mini-series here: http://bit.ly/3BecXim \n \n#quantum #community #security #quantumtechnology #Y2Q #QuantumThreat #BringItOn #Quantropi #cybersecurity #MichaelRedding #IQT #NewYork","['#quantum', '#community', '#security', '#quantumtechnology', '#Y2Q', '#QuantumThreat', '#BringItOn', '#Quantropi', '#cybersecurity', '#MichaelRedding', '#IQT', '#NewYork']",
https://www.instagram.com/p/CmZrgEugvJv/,2022-12-20,19:21:27.000,image,0,3,0,"#IQT_Webisode_5 \nğ—˜ğ—»ğ˜ğ—¿ğ—¼ğ—½ğ˜† ğ—®ğ—»ğ—± ğ—¦ğ—˜ğ—¤ğ—¨ğ—¥ ğ—¤ğ˜‚ğ—®ğ—»ğ˜ğ˜‚ğ—º ğ—¥ğ—®ğ—»ğ—±ğ—¼ğ—º ğ—¡ğ˜‚ğ—ºğ—¯ğ—²ğ—¿ğ˜€\nIn this, the fifth of a 7-part mini-series on migrating to a complete TrUE cryptographic system, Quantropi Inc. CTO Michael Redding shares the third and final TrUE building block of a complete cryptographic system- Entropy, including quantum key generation and digital distribution.\n\nLearn how Quantropiâ€™s SEQURâ„¢ product suite enables synchronized quantum-secure entropy distribution to endpoints over any network including wireless networks â€“ Digital QKD.\nSubmit your QiSpaceâ„¢ trial request today to get started: https://lnkd.in/gwAu63Rp \n\nCatch the panel insights at Inside Quantum Technology, New York Oct. 2022 - â€˜PQC Products: Who will use them and whenâ€™. \nWatch the complete mini-series here: http://bit.ly/3BecXim \n\n#quantum #community #security #quantumtechnology #Y2Q #QuantumThreat #BringItOn #Quantropi #cybersecurity #MichaelRedding #IQT #NewYork","['#IQT_Webisode_5', '#quantum', '#community', '#security', '#quantumtechnology', '#Y2Q', '#QuantumThreat', '#BringItOn', '#Quantropi', '#cybersecurity', '#MichaelRedding', '#IQT', '#NewYork']",
https://www.instagram.com/p/CmXEmDFjKLi/,2022-12-19,19:02:03.000,image,0,3,0,"#IQT_Webisode_4 \nğ—¨ğ—»ğ—°ğ—²ğ—¿ğ˜ğ—®ğ—¶ğ—»ğ˜ğ˜† ğ—®ğ—»ğ—± ğ—¤ğ—˜ğ—˜ğ—£â„¢ ğ—¤ğ˜‚ğ—®ğ—»ğ˜ğ˜‚ğ—º-ğ—¦ğ—²ğ—°ğ˜‚ğ—¿ğ—² ğ—¦ğ˜†ğ—ºğ—ºğ—²ğ˜ğ—¿ğ—¶ğ—° ğ—˜ğ—»ğ—°ğ—¿ğ˜†ğ—½ğ˜ğ—¶ğ—¼ğ—»\n \nIn this, the fourth of a 7-part mini-series on migrating to a complete TrUE cryptographic system, Quantropi Inc. CTO Michael Redding elaborates on the second TrUE building block of a complete cryptographic system â€“ Uncertainty or symmetric encryption. Pushing the uncertainty to the attacker. \n\nLearn more about Quantropiâ€™s symmetric encryption suite that includes classic AES-256 along with our own novel QEEPâ„¢ algorithm which runs 18x times faster than AES-256 with key sizes up to 100,000 bits.\nSubmit your QiSpaceâ„¢ trial request today to get started: https://lnkd.in/gwAu63Rp \n\nCatch the panel insights at Inside Quantum Technology, New York Oct. 2022 - â€˜PQC Products: Who will use them and whenâ€™. \nWatch the complete mini-series here: http://bit.ly/3BecXim \n \n#quantum #community #security #quantumtechnology #Y2Q #QuantumThreat #BringItOn #Quantropi #cybersecurity","['#IQT_Webisode_4', '#quantum', '#community', '#security', '#quantumtechnology', '#Y2Q', '#QuantumThreat', '#BringItOn', '#Quantropi', '#cybersecurity']",
https://www.instagram.com/p/CmRoYkuARmD/,2022-12-17,16:19:43.000,image,0,4,0,"#IQT_Webisode_3\nğ—§ğ—¿ğ˜‚ğ˜€ğ˜ ğ—®ğ—»ğ—± ğ— ğ—”ğ—¦ğ—¤â„¢ ğ—¤ğ˜‚ğ—®ğ—»ğ˜ğ˜‚ğ—º-ğ—¦ğ—²ğ—°ğ˜‚ğ—¿ğ—² ğ—”ğ˜€ğ˜†ğ—ºğ—ºğ—²ğ˜ğ—¿ğ—¶ğ—° ğ—˜ğ—»ğ—°ğ—¿ğ˜†ğ—½ğ˜ğ—¶ğ—¼ğ—»\n\nIn this, the third of a 7-part mini-series on migrating to a complete and TrUE cryptographic system, Quantropi Inc. CTO Michael Redding explains the first TrUE building block of a complete cryptographic system â€“ ğ—§ğ—¿ust, or asymmetric encryption. Establishing that trusted connection between two parties. \n\nLearn more about Quantropiâ€™s MASQâ„¢ asymmetric product suite that includes NIST finalists along with our own novel PQC algorithm for both Key Exchange and Digital Signature.\nSubmit your QiSpaceâ„¢ trial request today to get started: https://lnkd.in/gwAu63Rp \n\nCatch the panel insights at Inside Quantum Technology, New York Oct. 2022 - â€˜PQC Products: Who will use them and whenâ€™.\nWatch the complete mini-series here: http://bit.ly/3BecXim\n\n#quantum #community #security #quantumtechnology #Y2Q #QuantumThreat #BringItOn #Quantropi #cybersecurity #MichaelRedding #IQT #NewYork","['#IQT_Webisode_3', '#quantum', '#community', '#security', '#quantumtechnology', '#Y2Q', '#QuantumThreat', '#BringItOn', '#Quantropi', '#cybersecurity', '#MichaelRedding', '#IQT', '#NewYork']",
https://www.instagram.com/p/CmPdYuMJFuq/,2022-12-16,20:17:46.000,video,38,7,0,,[],
https://www.instagram.com/p/CmMo1V0PgC6/,2022-12-15,17:46:24.000,video,57,12,0,"#Quantropi #IQT_WEBISODE_1\nğ— ğ—¶ğ—°ğ—µğ—®ğ—²ğ—¹ ğ—¥ğ—²ğ—±ğ—±ğ—¶ğ—»ğ—´ ğ—®ğ˜ ğ—¤ğ˜‚ğ—®ğ—»ğ˜ğ—¿ğ—¼ğ—½ğ—¶\nIn this, the first of a 7-part mini-series on migrating to a complete and TrUE cryptographic system, Quantropi Inc. CTO Michael Redding, former managing director and co-founder of Accenture Ventures, presents Quantropi Inc. at Inside Quantum Technology (IQT), New York. \n\nğ—”ğ—¯ğ—¼ğ˜‚ğ˜ ğ— ğ—¶ğ—¸ğ—²:\nDuring his 30 years with Accenture, Mike grew a global portfolio of strategic partnerships and 38 equity investments in emerging technology startups. He also incubated and launched technology innovations for enterprises across multiple geographies and industries. \n\nğ—”ğ—¯ğ—¼ğ˜‚ğ˜ ğ—¤ğ˜‚ğ—®ğ—»ğ˜ğ—¿ğ—¼ğ—½ğ—¶\nBy delivering novel cryptographic solutions that preserve truth and trust, Quantropi is bound to become the new standard for quantum-secure data communications as we prepare for Y2Q. Our next-generation technology protects data in motion and data at rest â€” defending against both todayâ€™s threats and tomorrowâ€™s Quantum-based attacks, while eliminating â€œSteal now, Crack laterâ€ reputational risk.\n\nPowered by quantum mechanics expressed as linear algebra, only Quantropiâ€™s patented solutions are capable of all three prerequisites for end-to-end cryptographic quantum security: Trust, Uncertainty, and Entropy.\n\nWhen it comes to Y2Q preparedness, only Quantropi's QiSpaceâ„¢ offers TrUE quantum security without the need for new and expensive hardware or infrastructure. And only QiSpaceâ„¢ has the crypto agility to support a range of available PQC standards, in addition to Quantropiâ€™s proprietary algorithm. This is about readying your organization to deliver on its business promise, whateverâ€™s next. Thatâ€™s mission-critical.\n\nWith Quantropi, QiSpaceâ„¢ and TrUEâ€¦ Bring It On.\n\nMeet Mike as he presents Quantropi Inc. at IQT Oct. 2022 - â€˜PQC Products: Who will use them and whenâ€™.\nWatch the complete mini-series here: http://bit.ly/3BecXim\n\n#quantum #community #security #quantumtechnology #Y2Q #QuantumThreat #BringItOn #Quantropi #cybersecurity #MichaelRedding #IQT #NewYork","['#Quantropi', '#IQT_WEBISODE_1', '#quantum', '#community', '#security', '#quantumtechnology', '#Y2Q', '#QuantumThreat', '#BringItOn', '#Quantropi', '#cybersecurity', '#MichaelRedding', '#IQT', '#NewYork']","#Quantropi #IQT_WEBISODE_1\nğ— ğ—¶ğ—°ğ—µğ—®ğ—²ğ—¹ ğ—¥ğ—²ğ—±ğ—±ğ—¶ğ—»ğ—´ ğ—®ğ˜ ğ—¤ğ˜‚ğ—®ğ—»ğ˜ğ—¿ğ—¼ğ—½ğ—¶\nIn this, the first of a 7-part mini-series on migrating to a complete and TrUE cryptographic system, Quantropi Inc. CTO Michael Redding, former managing director and co-founder of Accenture Ventures, presents Quantropi Inc. at Inside Quantum Technology (IQT), New York. \n\nğ—”ğ—¯ğ—¼ğ˜‚ğ˜ ğ— ğ—¶ğ—¸ğ—²:\nDuring his 30 years with Accenture, Mike grew a global portfolio of strategic partnerships and 38 equity investments in emerging technology startups. He also incubated and launched technology innovations for enterprises across multiple geographies and industries. \n\nğ—”ğ—¯ğ—¼ğ˜‚ğ˜ ğ—¤ğ˜‚ğ—®ğ—»ğ˜ğ—¿ğ—¼ğ—½ğ—¶\nBy delivering novel cryptographic solutions that preserve truth and trust, Quantropi is bound to become the new standard for quantum-secure data communications as we prepare for Y2Q. Our next-generation technology protects data in motion and data at rest â€” defending against both todayâ€™s threats and tomorrowâ€™s Quantum-based attacks, while eliminating â€œSteal now, Crack laterâ€ reputational risk.\n\nPowered by quantum mechanics expressed as linear algebra, only Quantropiâ€™s patented solutions are capable of all three prerequisites for end-to-end cryptographic quantum security: Trust, Uncertainty, and Entropy.\n\nWhen it comes to Y2Q preparedness, only Quantropi's QiSpaceâ„¢ offers TrUE quantum security without the need for new and expensive hardware or infrastructure. And only QiSpaceâ„¢ has the crypto agility to support a range of available PQC standards, in addition to Quantropiâ€™s proprietary algorithm. This is about readying your organization to deliver on its business promise, whateverâ€™s next. Thatâ€™s mission-critical.\n\nWith Quantropi, QiSpaceâ„¢ and TrUEâ€¦ Bring It On.\n\nMeet Mike as he presents Quantropi Inc. at IQT Oct. 2022 - â€˜PQC Products: Who will use them and whenâ€™.\nWatch the complete mini-series here: http://bit.ly/3BecXim\n\n#quantum #community #security #quantumtechnology #Y2Q #QuantumThreat #BringItOn #Quantropi #cybersecurity #MichaelRedding #IQT #NewYork"
